{"info":{"_postman_id":"28843013-d113-4f1d-95e4-79f49c38810a","name":"Auth","schema":"https://schema.getpostman.com/json/collection/v2.1.0/collection.json"},"item":[{"name":"Login","event":[{"listen":"prerequest","script":{"id":"d4007e2b-b5ac-4979-b42f-d56cab3fa3c4","exec":[""],"type":"text/javascript","packages":{}}},{"listen":"test","script":{"id":"f2930c15-1a8c-4bb0-8c8a-4a5a5d3925af","exec":["const json = JSON.parse(responseBody);\r","const token = json.token; // Assuming the token is stored under the key 'token' in the JSON response\r","pm.environment.set(\"TOKEN\", token);\r",""],"type":"text/javascript","packages":{}}}],"id":"36aa93ed-3ca4-434e-ba8f-22dc704fd397","protocolProfileBehavior":{"disableBodyPruning":true},"request":{"method":"POST","header":[{"key":"Accept","value":"application/json"}],"body":{"mode":"raw","raw":"{\r\n    \"email\": \"cbergstrom@example.com\",\r\n    \"password\": \"password\"\r\n}","options":{"raw":{"language":"json"}}},"url":{"raw":"{{BASE_URL}}/login","host":["{{BASE_URL}}"],"path":["login"]}},"response":[]},{"name":"Logout","id":"850da800-a759-44b4-bc1b-f789d6054663","protocolProfileBehavior":{"disableBodyPruning":true},"request":{"auth":{"type":"bearer","bearer":[{"key":"token","value":"{{TOKEN}}","type":"string"}]},"method":"POST","header":[{"key":"Accept","value":"application/json"}],"url":{"raw":"{{BASE_URL}}/logout","host":["{{BASE_URL}}"],"path":["logout"]}},"response":[]},{"name":"User","id":"568d25e6-c56a-496f-b3a4-88f7d83e2f74","protocolProfileBehavior":{"disableBodyPruning":true},"request":{"auth":{"type":"bearer","bearer":[{"key":"token","value":"4|82dOAyJUQbd15wBKp9jkXpMUS4AOhvuSYgiaW3Sq82ced518","type":"string"}]},"method":"GET","header":[{"key":"Accept","value":"application/json"}],"url":{"raw":"{{BASE_URL}}/user","host":["{{BASE_URL}}"],"path":["user"]}},"response":[]}]}