{"info":{"_postman_id":"8a5c2a0c-1cb5-4aaf-aa03-437345d7eaa8","name":"Events","schema":"https://schema.getpostman.com/json/collection/v2.1.0/collection.json"},"item":[{"name":"Single Event","id":"a720262c-2e93-467a-ba59-9c94ff70ca86","protocolProfileBehavior":{"disableBodyPruning":true},"request":{"method":"GET","header":[],"url":{"raw":"{{BASE_URL}}/events/6","host":["{{BASE_URL}}"],"path":["events","6"]}},"response":[]},{"name":"All Events","id":"f309bf24-efe7-44d1-9d54-6d66f1b6ee81","protocolProfileBehavior":{"disableBodyPruning":true},"request":{"method":"GET","header":[],"url":{"raw":"{{BASE_URL}}/events","host":["{{BASE_URL}}"],"path":["events"]}},"response":[]},{"name":"Create an Event","id":"af6bc823-2369-46a7-baeb-103cfe811576","protocolProfileBehavior":{"disableBodyPruning":true},"request":{"auth":{"type":"bearer","bearer":[{"key":"token","value":"{{TOKEN}}","type":"string"}]},"method":"POST","header":[{"key":"Accept","value":"application/json"}],"body":{"mode":"raw","raw":"{\r\n    \"name\": \"First event\",\r\n    \"start_time\": \"2024-05-05 15:00:00\",\r\n    \"end_time\": \"2024-05-05 16:00:00\"\r\n}","options":{"raw":{"language":"json"}}},"url":{"raw":"{{BASE_URL}}/events","host":["{{BASE_URL}}"],"path":["events"]}},"response":[]},{"name":"Update an Event","id":"8884944a-24c2-468f-b064-9829a96f559b","protocolProfileBehavior":{"disableBodyPruning":true},"request":{"auth":{"type":"bearer","bearer":[{"key":"token","value":"{{TOKEN}}","type":"string"}]},"method":"PUT","header":[{"key":"Accept","value":"application/json"}],"body":{"mode":"raw","raw":"{\r\n    \"name\": \"The name of this event got modified - second try\"\r\n}","options":{"raw":{"language":"json"}}},"url":{"raw":"{{BASE_URL}}/events/2","host":["{{BASE_URL}}"],"path":["events","2"]}},"response":[]},{"name":"Delete an Event","id":"9a84c218-2892-48b1-b95c-ef1a4012bf5d","protocolProfileBehavior":{"disableBodyPruning":true},"request":{"auth":{"type":"bearer","bearer":[{"key":"token","value":"{{TOKEN}}","type":"string"}]},"method":"DELETE","header":[{"key":"Accept","value":"application/json"}],"body":{"mode":"raw","raw":"","options":{"raw":{"language":"json"}}},"url":{"raw":"{{BASE_URL}}/events/205","host":["{{BASE_URL}}"],"path":["events","205"]}},"response":[]}]}