{"info":{"_postman_id":"df735a75-15af-4f33-b152-edc590a52d22","name":"Attendees","schema":"https://schema.getpostman.com/json/collection/v2.1.0/collection.json"},"item":[{"name":"All Attendee","id":"b83f61e4-b8de-45cd-8bea-f90324e9d548","protocolProfileBehavior":{"disableBodyPruning":true},"request":{"method":"POST","header":[{"key":"Accept","value":"application/json"}],"body":{"mode":"raw","raw":"{\r\n    \"email\": \"eroob@example.com\",\r\n    \"password\": \"password\"\r\n}","options":{"raw":{"language":"json"}}},"url":{"raw":"{{BASE_URL}}/login","host":["{{BASE_URL}}"],"path":["login"]}},"response":[]},{"name":"Create an Attendee","id":"20f7285b-5333-4c1f-b50c-da9563cee913","protocolProfileBehavior":{"disableBodyPruning":true},"request":{"method":"POST","header":[{"key":"Accept","value":"application/json"}],"body":{"mode":"raw","raw":"","options":{"raw":{"language":"json"}}},"url":{"raw":"{{BASE_URL}}/events/10/attendees","host":["{{BASE_URL}}"],"path":["events","10","attendees"]}},"response":[]},{"name":"Delete an Attendee","id":"2e427573-12eb-4453-8d80-5b4064228235","protocolProfileBehavior":{"disableBodyPruning":true},"request":{"auth":{"type":"bearer","bearer":[{"key":"token","value":"{{TOKEN}}","type":"string"}]},"method":"DELETE","header":[{"key":"Accept","value":"application/json"}],"body":{"mode":"raw","raw":"","options":{"raw":{"language":"json"}}},"url":{"raw":"{{BASE_URL}}/events/12/attendees/1794","host":["{{BASE_URL}}"],"path":["events","12","attendees","1794"],"query":[{"key":"","value":"","disabled":true}]}},"response":[]},{"name":"Single Attendee","id":"8142606a-8c17-457b-9443-169b294fad7e","protocolProfileBehavior":{"disableBodyPruning":true},"request":{"method":"GET","header":[{"key":"Accept","value":"application/json"}],"url":{"raw":"{{BASE_URL}}/events/12/attendees","host":["{{BASE_URL}}"],"path":["events","12","attendees"],"query":[{"key":"","value":"","disabled":true}]}},"response":[]}]}